Time (s),Volume (m^3),N2,Ne,CH2F2(1),O2(2),H2O(3),OH(4),CHF2(81),HF(38)
0.0,0.237435631340789,3.76,0.0,0.925122486131043,1.0,0.0,0.0,0.0,0.0
