Time (s),Volume (m^3),N2,Ne,CH2F2(1),O2(2),H2O(3),OH(4),CHF2(81),HF(38),HO2(10)
0.0,0.43410264249100033,3.76,0.0,0.9476089132591925,1.0,0.0,0.0,0.0,0.0,0.0
