Time (s),Volume (m^3),N2,Ne,CH2F2(1),O2(2),H2O(3),OH(4),HF(38)
0.0,0.6117740720446946,3.76,0.0,0.816556352782149,1.0,0.0,0.0,0.0
